trendID;postedTime;name;type
d28591b49209c1b8300f5c4acb161839;20110301;Paula Deen Riding Things;meme
2ceee315f02e828c156ccd3cbf5f4a46;20110301;#whenyourblack;meme
a007d994984dde1c4cddc1cd986b2127;20110301;Seriously Atlanta;meme
1dc72b418adaf318438c45572172955f;20110301;Paranormal Blacktivity;meme
0d6ca5b70fccf3d0fd9a2080159ba5be;20110301;Celofán Piñata;ongoing-event
75819bdd9316c6843d69f713ad1244ec;20110301;Janna Levin;ongoing-event
f94160a9038f6a14697246e9ba7f33cf;20110301;Get Gully;news
0f5f41cea32fa4acde31536288532a03;20110301;Soledad Onetto;news
ff1c9209e916f8b9b58cfa10d135ab8b;20110301;Jensen Ackles;commemorative
8cbaa1179b457909d4539df09aa39f7a;20110301;#hongstarday;commemorative
7e6b2d1cc0b70defcbc353342ca4ae25;20110302;#sorryjustin;meme
eb44eb01c4a744b5a4e03c036074f87b;20110302;#nickilyrics;meme
2d708ff6154dae065e8f32cb4bb10080;20110302;McSushi;meme
ee7afbc2d369a439bd6fe0dda04b6e81;20110302;HDMI;ongoing-event
1dd46b5ca48208f05e0802d5804ee7b9;20110302;Judas Priest;ongoing-event
4152005babc87514c31e57c5c6339053;20110302;iPhone4;ongoing-event
3f92e0df04ea9e1c98b959e465569dd5;20110302;Battlefield;news
e2ef64c3a8f75d8178eb378d5fabee7f;20110302;Galliano Said;news
ce9d16ab38cd29f78f0ad758da35d698;20110302;Mamonas Assassinas;commemorative
1a03f6197b39b5e69b0b3b3844d576b4;20110302;Jon Bon Jovi;commemorative
e72b4f397fb996c3df84ed08d9773b70;20110303;Picture Fail;meme
6ee8eb43943b50d0a09a7063878d3d69;20110303;Late Night Snack;meme
0a62566d2cd505d730df95c3a45aaf92;20110303;Authentic Gucci;meme
6a2f3700b0f833f51d13ff62f46ba84d;20110303;#ohohtirol;ongoing-event
f67bd941d8c46a6402586e6c72b2fcaa;20110303;Jersey Floor;ongoing-event
0c5ec82626d210d25052be53e95fcd91;20110303;Boston Rob;ongoing-event
ba43108a678e546d833ddc59d394b47f;20110303;Pia Toscano;ongoing-event
74266584552f6921cf7f6e153749ec98;20110303;Jim Travers;news
58950f8881e8485753fbfed01927a5eb;20110303;Sudamérica;news
c9f6c7868ccd8a8cc3366335e59ba19d;20110303;Charlie Sheen;news
88e131bdcef158a4e414fd655fec8f79;20110304;#coisasderetiro;meme
1e172aca3fdf9ebaae608256325df969;20110304;Great Morning;meme
925a870cca98dc8ef33f39d1b3fca157;20110304;Lynyrd Skynyrd;meme
056279320a80cc5b1f135fad76c0d13d;20110304;Blue Shirt;meme
57b58a548e3507b9f2f4d26485fff7fe;20110304;Mujeres Asesinas;ongoing-event
7f8e16d588b1543bb5e42bcac894d926;20110304;Margaret Beckett;ongoing-event
0954067eecb49a532c9161730b894c1e;20110304;#debatepresidencial;ongoing-event
254c925b8eab5d7452fe90661acfb062;20110304;Mijares;news
87419b758191e7c765b0c9270c1ad189;20110304;Interpol;news
fa9e0e6c74565adda24b7bd0db662da0;20110304;Hala Madrid;news
bf0e849bc5ecc911d165a4ec20a059f4;20110305;Marcio Canuto;meme
5e7e0ca8bc4a009da2366e16026892f3;20110305;Twilight vs. Harry Potter;meme
6401813085837e9f1f8b27eae98ac4f3;20110305;Mountain Dew;meme
566d594d68ca84cd25933481d5fe8461;20110305;Acadêmicos;ongoing-event
0ede4ae15d9848cfdf5fa7af9abbf121;20110305;Football Focus;ongoing-event
0d9645e47c85c22428afc4346c1be594;20110305;Dream High Concert;ongoing-event
93c54150d02e0266c82df78fa71e32c3;20110305;Tokyo Girls Collection;ongoing-event
1d7da710a4565dfbe1a9d5149bae965b;20110305;Iwer;ongoing-event
8b849741052f96aec3f5a1cfdc4b4a73;20110305;Miriam Margolyes;ongoing-event
d5eb386a8bf0d01a79524bdc16446184;20110305;Anthony Taylor;news
1a2529dd59176ca042a42544d47bdf33;20110306;Lord Voldemort;meme
1b553b0d88b789a05c5f1923aaa53dce;20110306;RIP Deano;meme
7bce56301b5b1c2ca87b88f7e3af73e2;20110306;VivoPeloCine;meme
1b7d5b2951b91098dabf045846a8d03a;20110306;Indiana State;ongoing-event
9307d56d304dcdc3d01d6d82fce9b245;20110306;ACC Champs;ongoing-event
2c530792dd2fa2fada424edf6cf6d46b;20110306;Cubango;ongoing-event
adc9f0a13b936931f73ec085ce7d9a58;20110306;Finding Neverland;ongoing-event
1928a801fee9cb57fe2daa608f6714a7;20110306;Jody Bernal;news
231a0d6170c8b80202fc8abb3fe26e54;20110306;#shaqday;commemorative
0beee671d1c2c14a152e5dbd6e143dff;20110306;Mario Covas;commemorative
8b0fce622128e48175cc8da44e321fd5;20110307;#dhsmemories;meme
9f6357a80e135b2c247e8dc853a90ec2;20110307;Snuggle Sundays;meme
173460c90b16151a069b5d4de669e5f2;20110307;Classic TattooFail;meme
3bc04b5629bafd514684ace4e18d9b9a;20110307;Science Channel;ongoing-event
252b853b27a14937dabe19d380632b0b;20110307;#skyatnight;ongoing-event
1f48c3483a6514ba480aae6baaa1a5bc;20110307;Imperatriz;ongoing-event
55990b8561be0fca8a69059222af7b86;20110307;Mangueira;ongoing-event
f86691dcb22ae3c91040a9f4b523d50e;20110307;Gano Papa;news
1f8fd654cd8f1db3e7d1353284fef14b;20110307;Prince Andrew;news
52cfb7cc8fe12ac0a8fa963c91b9a3d3;20110307;CHOI JONGHUN;commemorative
